{"cameraMode":{"drawMode":0,"name":"Shaded","section":"Shading Mode"},"sceneLighting":false,"audioPlay":false,"sceneViewState":{"m_AlwaysRefresh":false,"showFog":true,"showSkybox":false,"showFlares":true,"showImageEffects":true,"showParticleSystems":true,"showVisualEffectGraphs":true,"m_FxEnabled":true},"in2DMode":false,"pivot":{"x":0.35176825523376467,"y":3.081765651702881,"z":0.07038998603820801},"rotation":{"x":0.11979975551366806,"y":0.8767380714416504,"z":-0.2851027548313141,"w":0.36840128898620608},"size":4.012398719787598,"orthographic":false}