{"cameraMode":{"drawMode":0,"name":"Shaded","section":"Shading Mode"},"sceneLighting":false,"audioPlay":false,"sceneViewState":{"m_AlwaysRefresh":false,"showFog":true,"showSkybox":false,"showFlares":true,"showImageEffects":true,"showParticleSystems":true,"showVisualEffectGraphs":true,"m_FxEnabled":true},"in2DMode":false,"pivot":{"x":0.010766007006168366,"y":0.19166970252990724,"z":-0.07366341352462769},"rotation":{"x":0.003570099826902151,"y":0.9928300380706787,"z":-0.1154961809515953,"w":0.03068976104259491},"size":0.3461075723171234,"orthographic":false}