{"cameraMode":{"drawMode":0,"name":"Shaded","section":"Shading Mode"},"sceneLighting":true,"audioPlay":false,"sceneViewState":{"m_AlwaysRefresh":false,"showFog":true,"showSkybox":true,"showFlares":true,"showImageEffects":true,"showParticleSystems":true,"showVisualEffectGraphs":true,"m_FxEnabled":true},"in2DMode":false,"pivot":{"x":-18.791431427001954,"y":31.744728088378908,"z":87.02279663085938},"rotation":{"x":-0.006484572775661945,"y":0.9722287654876709,"z":-0.23237349092960359,"w":-0.027130821719765664},"size":4.110901832580566,"orthographic":false}