{"cameraMode":{"drawMode":0,"name":"Shaded","section":"Shading Mode"},"sceneLighting":false,"audioPlay":false,"sceneViewState":{"m_AlwaysRefresh":false,"showFog":true,"showSkybox":false,"showFlares":true,"showImageEffects":true,"showParticleSystems":true,"showVisualEffectGraphs":true,"m_FxEnabled":true},"in2DMode":false,"pivot":{"x":0.7633944153785706,"y":1.4080199003219605,"z":-7.348787307739258},"rotation":{"x":0.03644142672419548,"y":0.9634042978286743,"z":-0.1968967318534851,"w":0.17829102277755738},"size":15.307522773742676,"orthographic":false}