{"cameraMode":{"drawMode":0,"name":"Shaded","section":"Shading Mode"},"sceneLighting":false,"audioPlay":false,"sceneViewState":{"m_AlwaysRefresh":false,"showFog":true,"showSkybox":false,"showFlares":true,"showImageEffects":true,"showParticleSystems":true,"showVisualEffectGraphs":true,"m_FxEnabled":true},"in2DMode":false,"pivot":{"x":-0.1858079433441162,"y":1.2152595520019532,"z":0.3167076110839844},"rotation":{"x":0.09883620589971543,"y":0.015816451981663705,"z":-0.0015712385065853596,"w":0.9949812293052673},"size":3.3061683177948,"orthographic":false}