{"cameraMode":{"drawMode":0,"name":"Shaded","section":"Shading Mode"},"sceneLighting":false,"audioPlay":false,"sceneViewState":{"m_AlwaysRefresh":false,"showFog":true,"showSkybox":false,"showFlares":true,"showImageEffects":true,"showParticleSystems":true,"showVisualEffectGraphs":true,"m_FxEnabled":true},"in2DMode":false,"pivot":{"x":-1.0399703979492188,"y":10.471110343933106,"z":-0.39777565002441409},"rotation":{"x":-0.05668260157108307,"y":0.9159326553344727,"z":-0.13955377042293549,"w":-0.3720150887966156},"size":26.94429588317871,"orthographic":false}