{"cameraMode":{"drawMode":0,"name":"Shaded","section":"Shading Mode"},"sceneLighting":true,"audioPlay":false,"sceneViewState":{"m_AlwaysRefresh":false,"showFog":true,"showSkybox":true,"showFlares":true,"showImageEffects":true,"showParticleSystems":true,"showVisualEffectGraphs":true,"m_FxEnabled":true},"in2DMode":false,"pivot":{"x":8.372474670410157,"y":1.415321946144104,"z":0.1759883016347885},"rotation":{"x":0.10187622159719467,"y":0.18187661468982697,"z":-0.018948476761579515,"w":0.9778468608856201},"size":2.15474271774292,"orthographic":false}