{"cameraMode":{"drawMode":0,"name":"Shaded","section":"Shading Mode"},"sceneLighting":false,"audioPlay":false,"sceneViewState":{"m_AlwaysRefresh":false,"showFog":true,"showSkybox":false,"showFlares":true,"showImageEffects":true,"showParticleSystems":true,"showVisualEffectGraphs":true,"m_FxEnabled":true},"in2DMode":false,"pivot":{"x":-0.3908100128173828,"y":10.647789001464844,"z":-0.04999542236328125},"rotation":{"x":-0.22715052962303163,"y":-0.6145608425140381,"z":0.19086900353431703,"w":-0.7310940027236939},"size":30.497251510620118,"orthographic":false}