{"cameraMode":{"drawMode":0,"name":"Shaded","section":"Shading Mode"},"sceneLighting":true,"audioPlay":false,"sceneViewState":{"m_AlwaysRefresh":false,"showFog":true,"showSkybox":false,"showFlares":true,"showImageEffects":true,"showParticleSystems":true,"showVisualEffectGraphs":true,"m_FxEnabled":true},"in2DMode":false,"pivot":{"x":8.79709243774414,"y":31.20113754272461,"z":130.57369995117188},"rotation":{"x":0.32154393196105959,"y":0.34261152148246767,"z":-0.12664328515529633,"w":0.8738005757331848},"size":242.85379028320313,"orthographic":false}