{"cameraMode":{"drawMode":0,"name":"Shaded","section":"Shading Mode"},"sceneLighting":false,"audioPlay":false,"sceneViewState":{"m_AlwaysRefresh":false,"showFog":true,"showSkybox":false,"showFlares":true,"showImageEffects":true,"showParticleSystems":true,"showVisualEffectGraphs":true,"m_FxEnabled":true},"in2DMode":false,"pivot":{"x":-0.013534113764762879,"y":0.1731988489627838,"z":-0.006321720778942108},"rotation":{"x":0.003570099826902151,"y":0.9928300380706787,"z":-0.1154961809515953,"w":0.03068976104259491},"size":0.19252929091453553,"orthographic":false}