{"cameraMode":{"drawMode":0,"name":"Shaded","section":"Shading Mode"},"sceneLighting":true,"audioPlay":false,"sceneViewState":{"m_AlwaysRefresh":false,"showFog":true,"showSkybox":true,"showFlares":true,"showImageEffects":true,"showParticleSystems":true,"showVisualEffectGraphs":true,"m_FxEnabled":true},"in2DMode":false,"pivot":{"x":23.014923095703126,"y":33.914207458496097,"z":139.82579040527345},"rotation":{"x":-0.05989480018615723,"y":-0.9382925033569336,"z":0.2088458091020584,"w":-0.26910802721977236},"size":7.516241073608398,"orthographic":false}