{"cameraMode":{"drawMode":0,"name":"Shaded","section":"Shading Mode"},"sceneLighting":false,"audioPlay":false,"sceneViewState":{"m_AlwaysRefresh":false,"showFog":true,"showSkybox":false,"showFlares":true,"showImageEffects":true,"showParticleSystems":true,"showVisualEffectGraphs":true,"m_FxEnabled":true},"in2DMode":false,"pivot":{"x":-0.009118758141994477,"y":0.14687049388885499,"z":-0.0024109631776809694},"rotation":{"x":0.24979445338249207,"y":-0.03224240615963936,"z":0.008322229608893395,"w":0.9677310585975647},"size":0.17954634130001069,"orthographic":false}