{"cameraMode":{"drawMode":0,"name":"Shaded","section":"Shading Mode"},"sceneLighting":false,"audioPlay":false,"sceneViewState":{"m_AlwaysRefresh":false,"showFog":true,"showSkybox":false,"showFlares":true,"showImageEffects":true,"showParticleSystems":true,"showVisualEffectGraphs":true,"m_FxEnabled":true},"in2DMode":false,"pivot":{"x":0.5064072608947754,"y":2.3361892700195314,"z":2.143916606903076},"rotation":{"x":0.012405849061906338,"y":0.763032078742981,"z":-0.014652350917458535,"w":0.6460843086242676},"size":3.9272468090057375,"orthographic":false}